runtime,l1_error,l2_error,rel_error
1.775207638740539551e+02,1.929392781692152781e+00,9.204564304408613395e+00,4.586648292275142147e+00
