runtime,l1_error,l2_error,rel_error
9.813278913497924805e+01,1.416162255555079809e-03,3.074091194428359765e-06,inf
